{
 "status": {
  "a_pck": {
   "ok": true,
   "intra": 88.80706921944035,
   "cross": 76.95961995249407
  },
  "d_confusion": {
   "ok": true
  },
  "b_regressor": {
   "ok": true,
   "test_pck10": 81.64231601731602
  },
  "c_discovery": {
   "ok": true,
   "num_pairs": 30,
   "mean_err_feat": 4.186777566870053,
   "median_err_feat": 2.4894769191741943,
   "repeat_rate": 0.2582278481012658,
   "n_detections_checked": 395
  }
 },
 "gate_pass": true
}