{
 "status": {
  "a_pck": {
   "ok": true,
   "intra": 86.4406779661017,
   "cross": 77.720207253886
  },
  "d_confusion": {
   "ok": true
  },
  "b_regressor": {
   "ok": true,
   "test_pck10": 82.90043290043289
  },
  "c_discovery": {
   "ok": true,
   "num_pairs": 30,
   "mean_err_feat": 3.937157817523588,
   "median_err_feat": 2.469741106033325,
   "repeat_rate": 0.2233502538071066,
   "n_detections_checked": 394
  }
 },
 "gate_pass": true
}