{
 "status": {
  "a_pck": {
   "ok": true,
   "intra": 87.92341678939617,
   "cross": 78.62232779097387
  },
  "d_confusion": {
   "ok": true
  },
  "b_regressor": {
   "ok": true,
   "test_pck10": 83.94886363636364
  },
  "c_discovery": {
   "ok": true,
   "num_pairs": 30,
   "mean_err_feat": 3.4900265726962205,
   "median_err_feat": 2.4431657791137695,
   "repeat_rate": 0.20506329113924052,
   "n_detections_checked": 395
  }
 },
 "gate_pass": true
}