{
 "bench": "spair_car",
 "subset": "all",
 "num_pairs": 564,
 "num_kps": 3592,
 "pck@0.1": 53.702672605790646,
 "pck@0.05": 33.74164810690423
}