{
 "intra": {
  "num_pairs": 591,
  "num_kps": 1358,
  "pck@10_feat64": 87.48159057437408,
  "pck@5_feat64": 82.17967599410898,
  "median_err_feat64": 1.7090365290641785
 },
 "cross": {
  "num_pairs": 400,
  "num_kps": 842,
  "pck@10_feat64": 76.12826603325415,
  "pck@5_feat64": 62.70783847980997,
  "median_err_feat64": 3.4392348527908325
 }
}