{
 "intra": {
  "num_pairs": 591,
  "num_kps": 1358,
  "pck@10_feat64": 87.92341678939617,
  "pck@5_feat64": 83.28424153166422,
  "median_err_feat64": 1.5027064681053162
 },
 "cross": {
  "num_pairs": 400,
  "num_kps": 842,
  "pck@10_feat64": 78.62232779097387,
  "pck@5_feat64": 68.76484560570071,
  "median_err_feat64": 2.5493043661117554
 }
}