{
 "intra": {
  "num_pairs": 591,
  "num_kps": 1358,
  "pck@10_feat64": 88.80706921944035,
  "pck@5_feat64": 84.02061855670104,
  "median_err_feat64": 1.5122696161270142
 },
 "cross": {
  "num_pairs": 400,
  "num_kps": 842,
  "pck@10_feat64": 76.95961995249407,
  "pck@5_feat64": 67.93349168646081,
  "median_err_feat64": 2.6188955307006836
 }
}