{
 "intra": {
  "num_pairs": 591,
  "num_kps": 1358,
  "pck@10_feat64": 29.455081001472756,
  "pck@5_feat64": 15.169366715758468,
  "median_err_feat64": 16.88091278076172
 },
 "cross": {
  "num_pairs": 400,
  "num_kps": 842,
  "pck@10_feat64": 19.47743467933492,
  "pck@5_feat64": 7.719714964370546,
  "median_err_feat64": 19.76061248779297
 }
}