{
 "intra": {
  "num_pairs": 111,
  "num_kps": 236,
  "pck@10_feat64": 86.4406779661017,
  "pck@5_feat64": 83.89830508474576,
  "median_err_feat64": 1.7019844055175781
 },
 "cross": {
  "num_pairs": 80,
  "num_kps": 193,
  "pck@10_feat64": 77.720207253886,
  "pck@5_feat64": 68.39378238341969,
  "median_err_feat64": 2.740792989730835
 }
}