{
 "train": {
  "pck@10_feat64": 85.39124930769839,
  "pck@5_feat64": 60.50795157844766,
  "median_err_feat64": 4.091570854187012,
  "n_kps": 63195
 },
 "test": {
  "pck@10_feat64": 81.64231601731602,
  "pck@5_feat64": 54.193722943722946,
  "median_err_feat64": 4.630795478820801,
  "n_kps": 14784
 }
}