{
 "train": {
  "pck@10_feat64": 86.88503837328902,
  "pck@5_feat64": 65.87071762006488,
  "median_err_feat64": 3.7016990184783936,
  "n_kps": 63195
 },
 "test": {
  "pck@10_feat64": 83.94886363636364,
  "pck@5_feat64": 58.90827922077923,
  "median_err_feat64": 4.223117828369141,
  "n_kps": 14784
 }
}