{
 "train": {
  "pck@10_feat64": 86.9878946119155,
  "pck@5_feat64": 63.36577260859245,
  "median_err_feat64": 3.929126739501953,
  "n_kps": 63195
 },
 "test": {
  "pck@10_feat64": 83.84063852813853,
  "pck@5_feat64": 58.23863636363637,
  "median_err_feat64": 4.288038730621338,
  "n_kps": 14784
 }
}