{
 "train": {
  "pck@10_feat64": 86.47203101511195,
  "pck@5_feat64": 65.21085528918427,
  "median_err_feat64": 3.7903525829315186,
  "n_kps": 63195
 },
 "test": {
  "pck@10_feat64": 82.90043290043289,
  "pck@5_feat64": 58.461850649350644,
  "median_err_feat64": 4.275320053100586,
  "n_kps": 14784
 }
}