{
 "backbone": "dinov2_vitb14_reg",
 "pck": {
  "intra": {
   "num_pairs": 591,
   "num_kps": 1358,
   "pck@10_feat64": 79.30780559646539,
   "pck@5_feat64": 73.6377025036819,
   "median_err_feat64": 1.5420136451721191
  },
  "cross": {
   "num_pairs": 400,
   "num_kps": 842,
   "pck@10_feat64": 67.6959619952494,
   "pck@5_feat64": 58.432304038004744,
   "median_err_feat64": 3.600982427597046
  }
 },
 "confusion_vs_azimuth": {
  "0-30": {
   "n": 233,
   "confusion_rate": 0.10300429184549356
  },
  "30-60": {
   "n": 93,
   "confusion_rate": 0.46236559139784944
  },
  "60-90": {
   "n": 84,
   "confusion_rate": 0.7619047619047619
  },
  "90-120": {
   "n": 22,
   "confusion_rate": 0.9090909090909091
  },
  "120-180": {
   "n": 18,
   "confusion_rate": 0.4444444444444444
  }
 },
 "confusion_by_group": {
  "wheels": null,
  "lights": 0.3146067415730337,
  "mirrors": null
 },
 "ran_ok": true,
 "confusion_grows_with_separation": true,
 "no_confusion_flag": false,
 "gate_pass": true
}