{
 "confusion_vs_azimuth": {
  "0-30": {
   "n": 233,
   "confusion_rate": 0.33047210300429186
  },
  "30-60": {
   "n": 93,
   "confusion_rate": 0.5161290322580645
  },
  "60-90": {
   "n": 84,
   "confusion_rate": 0.5357142857142857
  },
  "90-120": {
   "n": 22,
   "confusion_rate": 0.6818181818181818
  },
  "120-180": {
   "n": 18,
   "confusion_rate": 0.5
  }
 },
 "confusion_by_group": {
  "wheels": null,
  "lights": 0.449438202247191,
  "mirrors": null
 }
}